epoch,acc,loss,val_acc,val_loss
0,0.037450396825396824,4.72931440671285,0.048132183908045974,3.7189883007400337
