epoch,acc,loss,val_acc,val_loss
0,0.05654761904761905,3.659492678112454,0.10021551724137931,3.482788749124812
