epoch,acc,loss,val_acc,val_loss
0,0.044890873015873016,4.922339761067951,0.04310344827586207,3.705612316898916
1,0.08531746031746032,3.4993109589531306,0.05818965517241379,3.5946592106216255
2,0.11979166666666667,3.329921589957343,0.06896551724137931,3.543072360685502
3,0.14608134920634921,3.224721950197977,0.0625,3.7911929947206344
4,0.16567460317460317,3.133405904921274,0.07848419540229885,3.5349293166193467
