epoch,acc,loss,val_acc,val_loss
0,0.035962301587301584,4.690465533544147,0.043642241379310345,3.6723653585061258
