epoch,acc,loss,val_acc,val_loss
0,0.03819444444444445,4.527727759073651,0.04525862068965517,3.7463532672531303
