epoch,acc,loss,val_acc,val_loss
0,0.03993055555555555,4.508685006035699,0.05118534482758621,3.6551708873661086
