epoch,acc,loss,val_acc,val_loss
0,0.023809523809523808,17.557861971476722,0.018498563218390805,17.12325182180295
1,0.024553571428571428,16.569076568361314,0.018498563218390805,16.339990741905126
2,0.025793650793650792,16.07497227381146,0.018498563218390805,16.020928348617993
3,0.023809523809523808,15.931235510205466,0.018498563218390805,15.784610816802102
4,0.025049603174603176,15.833034893823049,0.018498563218390805,15.39427374149191
5,0.022817460317460316,15.79771570175413,0.018498563218390805,15.915160136233116
6,0.028769841269841268,13.9995849851578,0.017420977011494254,14.537512916258011
7,0.036210317460317464,11.577301630898127,0.033764367816091954,10.735652200106916
8,0.035962301587301584,7.847951707385835,0.01993534482758621,11.460975731926403
