epoch,acc,loss,val_acc,val_loss
0,0.05505952380952381,3.680816097865029,0.08836206896551724,3.4995042017136497
