epoch,acc,loss,lr,val_acc,val_loss
0,0.04141865079365079,5.836362869020492,0.015,0.06232040229885057,4.631821221318738
