epoch,acc,loss,val_acc,val_loss
0,0.036210317460317464,4.619500852766491,0.05369971264367816,3.623920821595466
